Titulo,Genero,Online,Local,Combo,info1,info2,info3,info4
1001 Spikes,Platformer game,Not available,4,Not available,,,,
1993 Shenandoah,Shmup game,Not available,4,Not available,,,,
7 Days to Die,Action Games,4,2,Not available,Split-Screen,Drop-In/Drop-Out Co-Op,,
8-Bit Armies,RTS game,7,Not available,Not available,7 Players in Co-Op,,,
8-Bit Hordes,RTS game,7,Not available,Not available,7 Players in Co-Op,,,
8-Bit Invaders,RTS game,7,Not available,Not available,7 Players in Co-Op,,,
99Vidas,Beat-Em-Up,4,4,Not available,Supports Drop-In/Drop-Out Co-Op,,,
A Robot Named Fight,Action/Adventure game,Not available,4,Not available,Supports Drop-In/Drop-Out Co-Op,,,
Abathor,Action Games,Not available,4,Not available,,,,
Accel World VS. Sword Art Online,Action RPG,4,Not available,Not available,Supports Drop-In/Drop-Out Co-Op,,,
Ace of Seafood,Action Games,4,2,Not available,Drop-In/Drop-Out Co-Op,,,
Aces of the Luftwaffe - Squadron,Shmup game,Not available,4,Not available,,,,
ADIOS Amigos: Galactic Explorers,Action/Adventure game,Not available,4,Not available,Supports Split-Screen,,,
Aeon Drive,Platformer game,Not available,4,Not available,,,,
Aeon Drive,Platformer,Not available,4,Not available,,,
AereA,Action RPG,Not available,4,Not available,,,,
After the Fall,First Person Shooter,4,Not available,Not available,Supports Drop-In/Drop-Out Co-Op,,
After the Fall,FPS,4,Not available,Not available,Supports Drop-In/Drop-Out Co-Op,,,
Age of Mages: The last keeper,Beat-Em-Up,Not available,4,Not available,Supports Drop-In/Drop-Out Co-Op,,,
Age of Wonders: Planetfall,Turn Based Strategy game,4,Not available,Not available,,,,
AIPD,Twin Stick Shooter game,Not available,4,Not available,,,,
AirMech Arena,Action RTS,4,Not available,Not available,,,,
Alienation,Twin Stick Shooter game,4,4,Not available,Supports Drop-In/Drop-Out Co-Op,,,
Almighty: Kill Your Gods,Action RPG,4,Not available,Not available,Supports Drop-In/Drop-Out Co-Op,,,
ALTAIR BREAKER,Action,4,Not available,Not available,,,
Ancient Amuletor,Action Games,4,Not available,Not available,,,,
Anno 1800: Console Edition,RTS,16,Not available,Not available,16 Players in Co-Op,Supports Drop-In/Drop-Out Co-Op,
Anthem,Action RPG,4,Not available,Not available,Supports Drop-In/Drop-Out Co-Op,,,
APICO,Simulation game,4,Not available,Not available,Supports Drop-In/Drop-Out Co-Op,,,
APICO,Simulation,4,Not available,Not available,Supports Drop-In/Drop-Out Co-Op,,
Arcade Paradise,Collections,Not available,4,Not available,Supports Drop-In/Drop-Out Co-Op,,,
Arcade Paradise,Compilations,Not available,4,Not available,Supports Drop-In/Drop-Out Co-Op,,
Arcadegeddon,Third Person Shooter game,4,Not available,Not available,Supports Drop-In/Drop-Out Co-Op,,,
Arcadegeddon,Third Person Shooter,4,Not available,Not available,Supports Drop-In/Drop-Out Co-Op,,
Arizona Sunshine,FPS,4,Not available,Not available,,,,
ARK: Survival Evolved,Action Games,4,2,4,Drop-In/Drop-Out Co-Op,,,
Armored Warfare,Simulation game,5,Not available,Not available,5 Players in Co-Op,,,
Art of Balance,Puzzle Game,Not available,4,Not available,Supports Drop-In/Drop-Out Co-Op,,,
Assassin's Creed IV: Black Flag,Action/Adventure game,4,Not available,Not available,,,,
Assassin's Creed Unity,Action/Adventure game,4,Not available,Not available,,,,
Assault Android Cactus,Twin Stick Shooter game,Not available,4,Not available,,,,
Asterix & Obelix XXXL: The Ram From Hibernia,Action/Adventure game,Not available,4,Not available,,,,
Asterix & Obelix XXXL: The Ram From Hibernia,Action/Adventure,Not available,4,Not available,,,
Astroneer,Simulation game,4,Not available,Not available,Supports Drop-In/Drop-Out Co-Op,,,
Attack on Titan 2,Action Games,4,Not available,Not available,,,,
Attack on Titan,Action Games,4,Not available,Not available,,,,
Baby Shark: Sing & Swim Party,Music/Rhythm game,Not available,4,Not available,,,,
Baby Shark: Sing & Swim Party,Music/Rhythm,Not available,4,Not available,,,
Baby Storm,Arcade,Not available,4,Not available,,,,
Babylon's Fall,Action RPG,4,Not available,Not available,,,
Babylon's Fall,Action RPG,4,Not available,Not available,,,,
Back 4 Blood,First Person Shooter,4,Not available,Not available,,,
Back 4 Blood,FPS,4,Not available,Not available,,,,
BADA Space Station,Action Games,4,4,Not available,Split-Screen,,,
BADA Space Station,Action,4,4,Not available,Supports Split-Screen,,
BADLAND: Game of the Year Edition,Platformer game,Not available,4,Not available,,,,
Baila Latino,Dancing,Not available,4,Not available,,,,
Baldur's Gate III,RPG,4,2,Not available,Supports Split-Screen,Supports Drop-In/Drop-Out Co-Op,
Bang-On Balls: Chronicles,Platformer game,4,2,Not available,Supports Split-Screen,Supports Drop-In/Drop-Out Co-Op,,
Battlefield 2042,First Person Shooter,4,Not available,Not available,Supports Drop-In/Drop-Out Co-Op,,
Battlefield 2042,FPS,4,Not available,Not available,Supports Drop-In/Drop-Out Co-Op,,,
Battlefield V,FPS,4,Not available,Not available,,,,
Battlezone,FPS,4,Not available,Not available,Supports Drop-In/Drop-Out Co-Op,,,
BFF or Die,Puzzle Game,Not available,4,Not available,,,,
Bish Bash Bots,Tower Defense game,4,4,4,,,,
Blacklight: Retribution,FPS,4,Not available,Not available,,,,
Bloody Zombies,Beat-Em-Up,4,4,4,,,,
Bonkies,Puzzle Game,Not available,4,Not available,,,,
Borderlands 3,First Person Shooter,4,4,4,Supports Split-Screen,Supports Drop-In/Drop-Out Co-Op,
Borderlands 3,FPS,4,2,4,Supports Split-Screen,Supports Drop-In/Drop-Out Co-Op,,
Borderlands Collection: Pandora's Box,Collections,4,4,4,Supports Split-Screen,Supports Drop-In/Drop-Out Co-Op,,
Borderlands Collection: Pandora's Box,Compilations,4,4,4,Supports Split-Screen,Supports Drop-In/Drop-Out Co-Op,
Borderlands Legendary Collection,FPS,4,2,4,Supports Split-Screen,Supports Drop-In/Drop-Out Co-Op,,
Borderlands: Game of the Year Edition,FPS,4,4,4,Supports Split-Screen,Supports Drop-In/Drop-Out Co-Op,,
Borderlands: The Handsome Collection,FPS,4,4,4,Supports Split-Screen,Supports Drop-In/Drop-Out Co-Op,,
BOSSGARD,Action Games,5,5,5,5 Players in Co-Op,,,
Boundless,MMO,4,Not available,Not available,Supports Drop-In/Drop-Out Co-Op,,,
Bravery and Greed,Beat-Em-Up,4,4,4,,,,
Brawlhalla,Fighting,4,4,Not available,,,,
BROFORCE,Platform Shooter,4,4,Not available,Supports Drop-In/Drop-Out Co-Op,,,
Brunch Club,Arcade,Not available,4,Not available,Supports Split-Screen,,,
Bubble Bobble 4 Friends: The Baron is Back!,Platformer game,Not available,4,Not available,,,,
Bulletstorm: Full Clip Edition,Action Games,4,Not available,Not available,,,,
Bunny Factory,Puzzle Game,4,Not available,Not available,,,,
Bunny Parking,Puzzle Game,4,Not available,Not available,,,,
Burnout Paradise Remastered,Racing game,4,Not available,Not available,Supports Drop-In/Drop-Out Co-Op,,,
Bus Simulator 21,Simulation game,4,Not available,Not available,Supports Drop-In/Drop-Out Co-Op,,,
Bus Simulator,Simulation game,4,Not available,Not available,,,,
Call of Duty: Advanced Warfare,FPS,4,2,4,Supports Split-Screen,Supports LAN or System-Link Play,,
Call of Duty: Black Ops 3,FPS,4,4,4,Supports Split-Screen,Supports LAN or System-Link Play,Supports Drop-In/Drop-Out Co-Op,
Call of Duty: Black Ops 4,FPS,4,4,Not available,Supports Split-Screen,,,
Call of Duty: Black Ops Cold War,First Person Shooter,4,2,Not available,Supports Split-Screen,Supports Drop-In/Drop-Out Co-Op,
Call of Duty: Black Ops Cold War,FPS,4,2,Not available,Supports Split-Screen,Supports Drop-In/Drop-Out Co-Op,,
Call of Duty: Ghosts,FPS,6,2,Not available,6 Players in Co-Op,Supports LAN or System-Link Play,,
Call of Duty: Infinite Warfare,FPS,4,2,4,Supports Split-Screen,Supports LAN or System-Link Play,Supports Drop-In/Drop-Out Co-Op,
Call of Duty: Modern Warfare III,First Person Shooter,12,Not available,Not available,12 Players in Co-Op,,
Call of Duty: Modern Warfare III,FPS,12,Not available,Not available,12 Players in Co-Op,,,
Call of Duty: Modern Warfare,FPS,4,Not available,Not available,,,,
Call of Duty: Vanguard,First Person Shooter,4,2,Not available,Supports Split-Screen,Supports Drop-In/Drop-Out Co-Op,
Call of Duty: Vanguard,FPS,4,2,Not available,Supports Split-Screen,Supports Drop-In/Drop-Out Co-Op,,
Call of Duty: WWII,FPS,4,2,4,Supports LAN or System-Link Play,,,
Cannibal Cuisine,Arcade,4,4,Not available,,,
Cannibal Cuisine,Arcade,4,4,Not available,,,,
Capcom Arcade Stadium Pack 2: Arcade Revolution(`89 - `92),Collections,Not available,4,Not available,Supports Drop-In/Drop-Out Co-Op,,,
Capcom Arcade Stadium Pack 3: Arcade Evolution (’92 – ’01),Collections,Not available,4,Not available,Supports Drop-In/Drop-Out Co-Op,,,
Capcom Arcade Stadium,Collections,Not available,4,Not available,Supports Drop-In/Drop-Out Co-Op,,,
Capcom Beat 'Em Up Bundle,Beat-Em-Up,4,4,Not available,Supports Drop-In/Drop-Out Co-Op,,,
Cartoon Network: Battle Crashers,Beat-Em-Up,Not available,4,Not available,Supports Drop-In/Drop-Out Co-Op,,,
Castle Crashers Remastered,Beat-Em-Up,4,4,4,,,,
Catastronauts,Action Games,Not available,4,Not available,,,,
Cave Digger 2: Dig Harder,Action/Adventure game,4,Not available,Not available,Supports Drop-In/Drop-Out Co-Op,,,
Cave Digger 2: Dig Harder,Action/Adventure,4,Not available,Not available,Supports Drop-In/Drop-Out Co-Op,,
Caveman Warriors,Side Scroller game,Not available,4,Not available,,,,
Circuit Breakers,Twin Stick Shooter game,Not available,4,Not available,Supports Drop-In/Drop-Out Co-Op,,,
Civilization VI,Turn Based Strategy game,4,4,Not available,,,,
Cladun Returns: This Is Sengoku!,Action RPG,4,Not available,Not available,Supports Drop-In/Drop-Out Co-Op,,,
Clan N,Beat-Em-Up,4,4,Not available,Supports Drop-In/Drop-Out Co-Op,,,
Claws of Furry,Beat-Em-Up,Not available,4,Not available,,,,
Clone Drone in the Danger Zone,Action Games,5,Not available,Not available,5 Players in Co-Op,,,
Clouds & Sheep 2,Simulation game,Not available,4,Not available,,,,
Conan Chop Chop,Action/Adventure game,4,4,Not available,,,,
Conan Exiles,Survival game,10,Not available,Not available,10 Players in Co-Op,Supports Drop-In/Drop-Out Co-Op,,
ConnecTank,Action Games,Not available,4,Not available,,,,
Construction Simulator,Simulation game,4,Not available,Not available,Supports Drop-In/Drop-Out Co-Op,,,
Construction Simulator,Simulation,4,Not available,Not available,Supports Drop-In/Drop-Out Co-Op,,
Contra: Operation Galuga,Side Scroller game,Not available,4,Not available,Supports Drop-In/Drop-Out Co-Op,,,
Contra: Operation Galuga,Side Scroller,Not available,4,Not available,Supports Drop-In/Drop-Out Co-Op,,
CONTRA: ROGUE CORPS,Twin Stick Shooter game,4,4,Not available,,,,
Cook Serve Delicious!,Simulation game,Not available,4,Not available,Supports Drop-In/Drop-Out Co-Op,,,
Cook,Serve,Delicious!,Simulation,Not available,4,Not available,Supports Drop-In/Drop-Out Co-Op
Crime Boss: Rockay City,First Person Shooter,4,Not available,Not available,,,
Crime Fighters,Beat-Em-Up,Not available,4,Not available,Supports Drop-In/Drop-Out Co-Op,,,
Crimsonland,Twin Stick Shooter game,Not available,4,Not available,,,,
Crimsonland,Twin Stick Shooter,Not available,4,Not available,,,
CROSSFIRE: SIERRA SQUAD,Tactical FPS,4,Not available,Not available,,,
Curious Cases,Puzzle Game,6,Not available,Not available,6 Players in Co-Op,,,
Curse of the Sea Rats,Platformer game,Not available,4,Not available,,,,
Curse of the Sea Rats,Platformer,Not available,4,Not available,,,
CUSTOM MECH WARS,Third Person Shooter,4,Not available,Not available,,,
Cyberdimension Neptunia: 4 Goddesses Online,RPG Game,4,Not available,Not available,,,,
Dariusburst: Another Chronicle EX+,Shmup game,Not available,4,Not available,Supports Drop-In/Drop-Out Co-Op,,,
Dariusburst: Chronicle Saviours,Shmup game,Not available,4,Not available,Supports Drop-In/Drop-Out Co-Op,,,
Dark Souls 2: Scholar of the First Sin,Action RPG,6,Not available,Not available,6 Players in Co-Op,Supports Drop-In/Drop-Out Co-Op,,
Dark Souls: Remastered,Action RPG,4,Not available,Not available,Supports Drop-In/Drop-Out Co-Op,,,
Dauntless,Action RPG,4,Not available,Not available,,,
Dauntless,Action RPG,4,Not available,Not available,,,,
Dead Island Definitive Collection,FPS,4,Not available,Not available,Supports Drop-In/Drop-Out Co-Op,,,
Dead Rising 4,Action Games,4,Not available,Not available,,,,
Death Road to Canada,Action Games,Not available,4,Not available,Split-Screen,,,
Death Squared,Puzzle Game,Not available,4,Not available,,,,
Deathtrap,Tower Defense game,4,Not available,Not available,,,,
Deathwish Enforcers,Side Scroller game,Not available,4,Not available,Supports Drop-In/Drop-Out Co-Op,,,
Deathwish Enforcers,Side Scroller,Not available,4,Not available,Supports Drop-In/Drop-Out Co-Op,,
Deep Rock Galactic,First Person Shooter,4,Not available,Not available,,,
Deep Rock Galactic,FPS,4,Not available,Not available,,,,
Delta Squad,Twin Stick Shooter game,Not available,4,Not available,,,,
Demeo,Tactical RPG,4,Not available,Not available,,,
Demon's Crystals,Twin Stick Shooter game,Not available,4,Not available,,,,
Demon's Souls,Action RPG,6,Not available,Not available,6 Players in Co-Op,Supports Drop-In/Drop-Out Co-Op,
Destiny 2,Action RPG,6,Not available,Not available,6 Players in Co-Op,Supports Drop-In/Drop-Out Co-Op,
Destiny 2,Action RPG,6,Not available,Not available,6 Players in Co-Op,Supports Drop-In/Drop-Out Co-Op,,
Destroy All Humans! – Clone Carnage,Third Person Shooter game,4,2,Not available,Supports Split-Screen,,,
Diablo II: Resurrected,Action RPG,8,Not available,Not available,8 Players in Co-Op,Supports Drop-In/Drop-Out Co-Op,
Diablo II: Resurrected,Action RPG,8,Not available,Not available,8 Players in Co-Op,Supports Drop-In/Drop-Out Co-Op,,
Diablo III,Action RPG,4,4,4,Supports Drop-In/Drop-Out Co-Op,,,
Diablo IV,Action RPG,4,2,4,Supports Drop-In/Drop-Out Co-Op,,
Diablo IV,Action RPG,4,2,4,Supports Drop-In/Drop-Out Co-Op,,,
Die for Valhalla!,Beat-Em-Up,Not available,4,Not available,,,,
Disney Infinity 2.0: Marvel Super Heroes,Action/Adventure game,4,2,Not available,Supports Split-Screen,Supports Drop-In/Drop-Out Co-Op,,
Divinity: Original Sin II - Definitive Edition,RPG Game,4,2,Not available,Supports Split-Screen,Supports Drop-In/Drop-Out Co-Op,,
Dogfight: A Sausage Bomber Story,Shmup game,Not available,4,Not available,Supports Drop-In/Drop-Out Co-Op,,,
DOLMEN,Action RPG,4,Not available,Not available,Supports Drop-In/Drop-Out Co-Op,,
DOLMEN,Action RPG,4,Not available,Not available,Supports Drop-In/Drop-Out Co-Op,,,
Don't Bite Me Bro!,Survival game,Not available,4,Not available,Supports Drop-In/Drop-Out Co-Op,,,
Don't Starve Together,Action/Adventure game,6,2,Not available,6 Players in Co-Op,Supports Split-Screen,,
DOOM (1993),FPS,Not available,4,Not available,,,,
Doom & Destiny Worlds,RPG Game,Not available,4,Not available,Supports Drop-In/Drop-Out Co-Op,,,
DOOM II,FPS,Not available,4,Not available,Supports Drop-In/Drop-Out Co-Op,,,
Downward Spiral: Horus Station,Action/Adventure game,8,Not available,Not available,8 Players in Co-Op,,,
Dragon Age: Inquisition,RPG Game,4,Not available,Not available,,,,
Dragon Ball Xenoverse 2,Fighting,6,Not available,Not available,6 Players in Co-Op,,,
Dragon Quest Builders 2,Sandbox game,4,Not available,Not available,,,,
Dragon Quest Heroes 2,Action RPG,4,Not available,Not available,,,,
Dragon's Crown Pro,Beat-Em-Up,4,4,4,,,,
Duke Nukem 3D: 20th Anniversary Edition World Tour,FPS,8,Not available,Not available,8 Players in Co-Op,,,
Dungeon Defenders II,Tower Defense game,4,2,Not available,Supports Split-Screen,Supports Drop-In/Drop-Out Co-Op,,
Dungeon Defenders: Awakened,Tower Defense game,4,Not available,Not available,,,,
Dungeon Defenders: Going Rogue,Tower Defense game,4,Not available,Not available,,,,
Dungeon Defenders: Going Rogue,Tower Defense,4,Not available,Not available,,,
Dungeon Hunter V,Action RPG,4,Not available,Not available,Supports Drop-In/Drop-Out Co-Op,,,
Dungeons & Dragons: Dark Alliance,Action RPG,4,Not available,Not available,,,
Dungeons & Dragons: Dark Alliance,Action RPG,4,Not available,Not available,,,,
Dungeons of Sundaria,Action RPG,Not available,4,Not available,Supports Split-Screen,Supports LAN or System-Link Play,
Dungeons of Sundaria,Action RPG,Not available,4,Not available,Supports Split-Screen,Supports LAN or System-Link Play,,
Dying Light 2 Stay Human,Action RPG,4,Not available,Not available,Supports Drop-In/Drop-Out Co-Op,,
Dying Light 2 Stay Human,Action RPG,4,Not available,Not available,Supports Drop-In/Drop-Out Co-Op,,,
Dying Light,Survival Horror game,4,Not available,Not available,,,,
Dying Light: Platinum Edition,Survival Horror game,4,Not available,Not available,Supports LAN or System-Link Play,Supports Drop-In/Drop-Out Co-Op,,
Earth Defense Force 4.1: The Shadow of New Despair,Action Games,4,2,Not available,Split-Screen,,,
Earth Defense Force 5,Third Person Shooter game,4,2,Not available,Supports Split-Screen,,,
Earth Defense Force 6,Third Person Shooter game,4,2,Not available,Supports Split-Screen,,,
Earth Defense Force 6,Third Person Shooter,4,2,Not available,Supports Split-Screen,,
Earth Defense Force: Iron Rain,Action Games,6,2,Not available,6 Players in Co-Op,Split-Screen,,
Earth Defense Force: World Brothers 2,Third Person Shooter game,4,Not available,Not available,Supports LAN or System-Link Play,,,
Earth Defense Force: World Brothers 2,Third Person Shooter,4,Not available,Not available,Supports LAN or System-Link Play,,
Earth Defense Force: World Brothers,Third Person Shooter game,4,2,Not available,Supports Split-Screen,,,
Earthfall,FPS,4,Not available,Not available,,,,
Eight Dragons,Beat-Em-Up,Not available,4,Not available,,,
Eight Dragons,Beat-Em-Up,Not available,4,Not available,,,,
Elite: Dangerous,Flight,4,Not available,Not available,,,,
Ember Knights,Action RPG,4,4,Not available,,,,
Embr,Action Games,4,Not available,Not available,Drop-In/Drop-Out Co-Op,,,
Escape First 2,Puzzle Game,6,Not available,Not available,6 Players in Co-Op,,,
Escape First 3,Puzzle Game,6,Not available,Not available,6 Players in Co-Op,,,
Escape First Alchemist,Puzzle Game,4,Not available,Not available,,,,
Escape First,Puzzle Game,6,Not available,Not available,6 Players in Co-Op,,,
Escape Game - FORT BOYARD 2022,Minigames,Not available,4,Not available,Supports Drop-In/Drop-Out Co-Op,,
Escape Game - FORT BOYARD 2022,Minigames,Not available,4,Not available,Supports Drop-In/Drop-Out Co-Op,,,
Escape Game - Fort Boyard,Minigames,Not available,4,Not available,Supports Drop-In/Drop-Out Co-Op,,,
Evasion,FPS,4,Not available,Not available,,,,
EVE: Valkyrie,Flight,5,Not available,Not available,5 Players in Co-Op,,,
Evil Dead: The Game,Third Person Shooter game,4,Not available,Not available,,,,
Evil Dead: The Game,Third Person Shooter,4,Not available,Not available,,,
Evolve,FPS,4,Not available,Not available,,,,
Exoprimal,Third Person Shooter game,5,Not available,Not available,5 Players in Co-Op,,,
Exoprimal,Third Person Shooter,5,Not available,Not available,5 Players in Co-Op,,
Extreme Exorcism,Action Games,Not available,4,Not available,,,,
Fallout 76,First Person Shooter,4,Not available,Not available,,,
Fallout 76,FPS,4,Not available,Not available,,,,
Farm Together,Simulation game,16,Not available,Not available,16 Players in Co-Op,,,
Farming Simulator 15,Simulation game,16,Not available,Not available,16 Players in Co-Op,Supports LAN or System-Link Play,,
Farming Simulator 17,Simulation game,6,Not available,Not available,6 Players in Co-Op,,,
Farming Simulator 19,Simulation game,6,Not available,Not available,6 Players in Co-Op,,,
Farming Simulator 22,Simulation game,6,Not available,Not available,6 Players in Co-Op,Supports Drop-In/Drop-Out Co-Op,,
Farming Simulator 22,Simulation,8,Not available,Not available,8 Players in Co-Op,Supports Drop-In/Drop-Out Co-Op,
Farworld Pioneers,Sandbox game,32,Not available,Not available,32 Players in Co-Op,Supports Drop-In/Drop-Out Co-Op,,
Farworld Pioneers,Sandbox,32,Not available,Not available,32 Players in Co-Op,Supports Drop-In/Drop-Out Co-Op,
Fat Princess Adventures,Action RPG,4,4,Not available,Supports Drop-In/Drop-Out Co-Op,,,
Feather,Adventure,8,Not available,Not available,8 Players in Co-Op,Supports Drop-In/Drop-Out Co-Op,,
FIFA 15,Sports game,Not available,4,Not available,Supports Drop-In/Drop-Out Co-Op,,,
Filthy Animals | Heist Simulator,Action Games,4,4,Not available,,,,
Final Fantasy 14 Online,MMO,8,Not available,Not available,8 Players in Co-Op,Supports Drop-In/Drop-Out Co-Op,
Final Fantasy 14 Online,MMO,8,Not available,Not available,8 Players in Co-Op,Supports Drop-In/Drop-Out Co-Op,,
Final Fantasy 15,RPG Game,4,Not available,Not available,,,,
Final Fantasy Crystal Chronicles Remastered Edition,Action RPG,4,Not available,Not available,,,,
Firefighting Simulator - The Squad,Simulation game,4,Not available,Not available,,,,
Firefighting Simulator - The Squad,Simulation,4,Not available,Not available,,,
Firewall Ultra,First Person Shooter,4,Not available,Not available,,,
Firewall Zero Hour,FPS,4,Not available,Not available,,,,
Flat Heroes,Action Games,Not available,4,Not available,Drop-In/Drop-Out Co-Op,,,
Flight of Light,Racing game,Not available,4,Not available,Supports Split-Screen,,,
Flock,Sandbox game,4,Not available,Not available,Supports Drop-In/Drop-Out Co-Op,,,
Flock,Sandbox,4,Not available,Not available,Supports Drop-In/Drop-Out Co-Op,,
FORCED,Action RPG,4,4,4,Supports Drop-In/Drop-Out Co-Op,,,
Fort Boyard,Minigames,Not available,4,Not available,Supports Drop-In/Drop-Out Co-Op,,,
Fort Triumph,Turn Based Strategy game,Not available,4,Not available,,,,
Fortnite: Save the World,Third Person Shooter game,4,Not available,Not available,,,,
Fossil Hunters,Action/Adventure game,Not available,4,Not available,Supports Drop-In/Drop-Out Co-Op,,,
Freaky Awesome,Action Games,4,4,Not available,Drop-In/Drop-Out Co-Op,,,
Fueled Up,Action Games,4,4,4,,,,
Full Mojo Rampage,Action RPG,4,2,Not available,Supports Drop-In/Drop-Out Co-Op,,,
Fully Loaded,Action Games,4,4,Not available,,,,
Galacide,Puzzle Game,Not available,4,Not available,,,,
Gang Beasts,Action Games,4,4,Not available,,,,
Gangs of Sherwood,Action RPG,4,Not available,Not available,,,
Gatewalkers,Action RPG,4,Not available,Not available,Supports Drop-In/Drop-Out Co-Op,,,
Gauntlet,Action RPG,4,4,Not available,Supports Drop-In/Drop-Out Co-Op,,,
Gefragt Gejagt - Das Spiel,Puzzle Game,Not available,4,Not available,Supports Drop-In/Drop-Out Co-Op,,,
Generation Zero,FPS,4,Not available,Not available,,,,
Genetic Disaster,Action Games,Not available,4,Not available,,,,
Genshin Impact,Action RPG,4,Not available,Not available,Supports Drop-In/Drop-Out Co-Op,,,
Geometry Wars 3: Dimensions,Twin Stick Shooter game,Not available,4,Not available,,,,
Ghost of Tsushima DIRECTOR'S CUT,Action/Adventure game,4,Not available,Not available,,,,
Ghost of Tsushima DIRECTOR'S CUT,Action/Adventure,4,Not available,Not available,,,
Ghost of Tsushima,Action/Adventure game,4,Not available,Not available,,,,
Ghost of Tsushima: Legends,Action/Adventure game,4,Not available,Not available,,,,
Ghost of Tsushima: Legends,Action/Adventure,4,Not available,Not available,,,
Ghostbusters,Action RPG,Not available,4,Not available,,,,
Ghostbusters: Rise of the Ghost Lord,First Person Shooter,4,Not available,Not available,,,
Ghostbusters: Spirits Unleashed,First Person Shooter,4,Not available,Not available,,,
Ghostbusters: Spirits Unleashed,FPS,4,Not available,Not available,,,,
Gigantosaurus The Game,Adventure,Not available,4,Not available,Supports Split-Screen,Supports Drop-In/Drop-Out Co-Op,,
Glitch Busters: Stuck On You,Third Person Shooter game,4,Not available,Not available,,,,
Gloomhaven,Tactical RPG,4,Not available,Not available,,,
Gloomhaven,Tactical RPG,4,Not available,Not available,,,,
Goat Simulator 3,Sandbox,4,4,Not available,Supports Drop-In/Drop-Out Co-Op,,
Goat Simulator,Simulation game,Not available,4,Not available,Supports Split-Screen,,,
Goat Simulator: The GOATY,Simulation game,Not available,4,Not available,Supports Split-Screen,,,
GOD EATER 2: Rage Burst,Action RPG,4,Not available,Not available,,,,
GOD EATER 3,Action RPG,8,Not available,Not available,8 Players in Co-Op,,,
GOD EATER: Resurrection,Action RPG,4,Not available,Not available,,,,
Golazo! 2,Sports game,Not available,4,Not available,,,,
Golazo! Soccer League,Sports game,Not available,4,Not available,,,,
GONNER2,Platform Shooter,Not available,4,Not available,,,,
Gotham Knights,Action RPG,4,Not available,Not available,Supports Drop-In/Drop-Out Co-Op,,
Granblue Fantasy: Relink,Action RPG,4,Not available,Not available,Supports Drop-In/Drop-Out Co-Op,,
Granblue Fantasy: Relink,Action RPG,4,Not available,Not available,Supports Drop-In/Drop-Out Co-Op,,,
Grand Theft Auto Online,Action,8,Not available,Not available,8 Players in Co-Op,Supports Drop-In/Drop-Out Co-Op,
Grand Theft Auto V,Action Games,16,Not available,Not available,16 Players in Co-Op,Supports Drop-In/Drop-Out Co-Op,,
Grand Theft Auto V,Action,8,Not available,Not available,8 Players in Co-Op,Supports Drop-In/Drop-Out Co-Op,
GRAVEN,First Person Shooter,4,2,Not available,Supports Split-Screen,Supports Drop-In/Drop-Out Co-Op,
GRAVEN,FPS,4,2,Not available,Supports Split-Screen,Supports Drop-In/Drop-Out Co-Op,,
Gravity Heroes,Action Games,Not available,4,Not available,,,,
Green Hell,Survival game,4,Not available,Not available,Supports Drop-In/Drop-Out Co-Op,,,
Guacamelee! 2,Action Games,Not available,4,Not available,Supports Drop-In/Drop-Out Co-Op,,,
Guacamelee! Super Turbo Championship Edition,Beat-Em-Up,Not available,4,Not available,Supports Drop-In/Drop-Out Co-Op,,,
Gunfire Reborn,First Person Shooter,4,Not available,Not available,,,
Gunfire Reborn,FPS,4,Not available,Not available,,,,
Guns Gore & Cannoli 2,Arcade,4,4,Not available,Supports Drop-In/Drop-Out Co-Op,,,
Guns Gore & Cannoli,Arcade,Not available,4,Not available,Supports Drop-In/Drop-Out Co-Op,,,
Guns of Icarus Alliance,Action Games,16,Not available,Not available,16 Players in Co-Op,,,
Gunscape,FPS,4,4,Not available,Supports Split-Screen,,,
Hammerwatch II,Action RPG,4,4,Not available,Supports Drop-In/Drop-Out Co-Op,,,
Hammerwatch II,Action RPG,4,Not available,Not available,Supports Drop-In/Drop-Out Co-Op,,
Hammerwatch,Action RPG,4,4,Not available,Supports Drop-In/Drop-Out Co-Op,,,
Happy Dungeons,Action RPG,4,4,Not available,,,,
Harvest Moon: Mad Dash,Puzzle Game,Not available,4,Not available,,,,
HAWKEN,Action Games,6,Not available,Not available,6 Players in Co-Op,,,
Heavenly Bodies,Simulation game,Not available,4,Not available,Supports Drop-In/Drop-Out Co-Op,,,
Heavenly Bodies,Simulation,Not available,4,Not available,Supports Drop-In/Drop-Out Co-Op,,
Heliborne,Flight,4,Not available,Not available,,,,
Hell Warders,Tower Defense game,4,Not available,Not available,,,,
HELLDIVERS 2,Third Person Shooter,4,Not available,Not available,,,
HELLDIVERS,Twin Stick Shooter game,4,4,4,,,,
Hello Engineer,Sandbox game,4,Not available,Not available,,,,
Hellraid,Action Games,4,Not available,Not available,,,,
Heroes of Hammerwatch - Ultimate Edition,Action RPG,4,4,Not available,Supports Drop-In/Drop-Out Co-Op,,,
Hobo: Tough Life,Survival game,4,Not available,Not available,Supports Drop-In/Drop-Out Co-Op,,,
Homefront: The Revolution,FPS,4,Not available,Not available,Supports Drop-In/Drop-Out Co-Op,,,
Hood: Outlaws & Legends,Action RPG,4,Not available,Not available,,,
Hood: Outlaws & Legends,Action RPG,4,Not available,Not available,,,,
Horizon Chase Turbo,Racing game,Not available,4,Not available,Supports Split-Screen,,,
How to Survive 2,Action/Adventure game,4,4,Not available,,,,
Human: Fall Flat,Adventure,8,2,Not available,8 Players in Co-Op,Supports Split-Screen,Supports Drop-In/Drop-Out Co-Op
Human: Fall Flat,Puzzle Platformer game,8,2,Not available,8 Players in Co-Op,Supports Split-Screen,Supports Drop-In/Drop-Out Co-Op,
HYPERCHARGE: Unboxed,Tower Defense game,4,4,4,,,,
In Celebration of Violence,Action RPG,Not available,4,Not available,Supports Drop-In/Drop-Out Co-Op,,,
Infected Shelter,Action RPG,Not available,4,Not available,,,,
Innchanted,Action Games,4,4,Not available,Supports Drop-In/Drop-Out Co-Op,,,
Insurgency: Sandstorm,FPS,8,Not available,Not available,8 Players in Co-Op,,,
Iron Crypticle,Twin Stick Shooter game,Not available,4,Not available,,,,
It Came from Space and Ate Our Brains,Twin Stick Shooter game,4,Not available,Not available,Supports Drop-In/Drop-Out Co-Op,,,
Jamestown,Shmup game,Not available,4,Not available,,,,
Jitsu Squad,Beat-Em-Up,Not available,4,Not available,,,
Jitsu Squad,Beat-Em-Up,Not available,4,Not available,,,,
John Carpenter’s Toxic Commando,First Person Shooter,4,Not available,Not available,Supports Drop-In/Drop-Out Co-Op,,
Josh Journey: Darkness Totems,Beat-Em-Up,Not available,4,Not available,Supports Drop-In/Drop-Out Co-Op,,,
JUMANJI: The Video Game,Third Person Shooter game,4,4,Not available,Supports Split-Screen,Supports Drop-In/Drop-Out Co-Op,,
JUMANJI: The Video Game,Third Person Shooter,4,4,Not available,Supports Split-Screen,Supports Drop-In/Drop-Out Co-Op,
Jumanji: Wild Adventures,Adventure,Not available,4,Not available,,,
Jumanji: Wild Adventures,Adventure,Not available,4,Not available,,,,
Just Dance 2014,Dancing,Not available,4,Not available,,,,
Just Dance 2015,Dancing,Not available,4,Not available,,,,
Just Dance 2017,Dancing,Not available,6,Not available,6 Players in Co-Op,,,
Just Dance 2018,Dancing,Not available,4,Not available,,,,
Just Dance 2019,Dancing,Not available,6,Not available,6 Players in Co-Op,,,
Just Dance 2020,Dancing,Not available,6,Not available,6 Players in Co-Op,,,
Just Dance 2021,Dancing,Not available,6,Not available,6 Players in Co-Op,,
Just Dance 2021,Dancing,Not available,6,Not available,6 Players in Co-Op,,,
Just Dance 2022,Dancing,Not available,6,Not available,6 Players in Co-Op,,
Just Dance 2022,Dancing,Not available,6,Not available,6 Players in Co-Op,,,
Just Dance 2023 Edition,Dancing,6,6,Not available,6 Players in Co-Op,,
Just Dance 2024 Edition,Dancing,6,6,Not available,6 Players in Co-Op,,
Just Die Already,Simulation game,4,Not available,Not available,Supports Drop-In/Drop-Out Co-Op,,,
Just Shapes & Beats,Music/Rhythm game,4,4,Not available,Supports Drop-In/Drop-Out Co-Op,,,
Just Sing,Music/Rhythm game,Not available,4,Not available,,,,
KarmaZoo,Platformer,10,Not available,Not available,10 Players in Co-Op,,
Keep Talking and Nobody Explodes,Simulation game,Not available,4,Not available,,,,
Kerbal Space Program 2,Simulation game,4,Not available,Not available,Supports Drop-In/Drop-Out Co-Op,,,
Kick it Bunny!,Puzzle Game,4,Not available,Not available,,,,
Killing Floor 2,FPS,6,Not available,Not available,6 Players in Co-Op,Supports Drop-In/Drop-Out Co-Op,,
Killing Floor 3,First Person Shooter,6,Not available,Not available,6 Players in Co-Op,Supports Drop-In/Drop-Out Co-Op,
Killzone: Shadow Fall,FPS,4,Not available,Not available,,,,
Knight Squad 2,Action Games,4,2,Not available,,,,
Knights of Valour,Beat-Em-Up,4,Not available,Not available,,,,
Kukoos: Lost Pets,Platformer game,Not available,4,Not available,,,,
Kukoos: Lost Pets,Platformer,Not available,4,Not available,,,
L.O.L. Surprise! B.B.s BORN TO TRAVEL,Minigames,Not available,4,Not available,,,
L.O.L. Surprise! B.B.s BORN TO TRAVEL,Minigames,Not available,4,Not available,,,,
Lara Croft and the Temple of Osiris,Action Games,4,4,4,,,,
LEGO Brawls,Beat-Em-Up,4,Not available,Not available,,,
LEGO Brawls,Beat-Em-Up,4,Not available,Not available,,,,
Let's Cook Together 2,Action Games,Not available,4,Not available,,,,
Let's Sing 2018,Music/Rhythm game,Not available,4,Not available,,,,
Little Triangle,Platformer game,Not available,4,Not available,,,,
LittleBigPlanet 3,Puzzle Platformer game,4,4,4,Supports LAN or System-Link Play,Supports Drop-In/Drop-Out Co-Op,,
Lost Castle,Action RPG,4,4,Not available,,,,
Lovers in a Dangerous Spacetime,Action Games,Not available,4,Not available,,,,
Magicka 2,Action RPG,4,4,4,Supports Drop-In/Drop-Out Co-Op,,,
Martian Panic,On-Rails Shooter game,Not available,4,Not available,,,,
Marvel Ultimate Alliance 2,Action RPG,Not available,4,Not available,Supports Drop-In/Drop-Out Co-Op,,,
Marvel Ultimate Alliance,Action RPG,4,4,Not available,,,,
Marvel's Avengers,Action RPG,4,Not available,Not available,,,
Marvel's Avengers,Action RPG,4,Not available,Not available,,,,
Mass Effect: Andromeda,Action RPG,4,Not available,Not available,,,,
Mayhem Brawler,Beat-Em-Up,Not available,4,Not available,,,
Mayhem Brawler,Beat-Em-Up,Not available,4,Not available,,,,
Mecho Tales,Platformer game,Not available,4,Not available,Supports Drop-In/Drop-Out Co-Op,,,
Mecho Tales,Platformer,Not available,4,Not available,Supports Drop-In/Drop-Out Co-Op,,
MechWarrior 5: Clans,Mech Simulation,5,Not available,Not available,5 Players in Co-Op,,
MechWarrior 5: Mercenaries,Mech Simulation,4,Not available,Not available,,,
MechWarrior 5: Mercenaries,Mech Simulation,4,Not available,Not available,,,,
Melbits World,Puzzle Game,Not available,4,Not available,,,,
Memories of Mars,Survival game,32,Not available,Not available,32 Players in Co-Op,Supports Drop-In/Drop-Out Co-Op,,
Mercenary Kings,Shmup game,4,4,Not available,Supports Split-Screen,,,
Merek's Market,Simulation game,Not available,4,Not available,,,,
Merek's Market,Simulation,Not available,4,Not available,,,
Metal Gear Survive,Action Games,4,Not available,Not available,,,,
Metaverse Keeper,Action RPG,4,4,Not available,,,,
Mighty Morphin Power Rangers: Mega Battle,Beat-Em-Up,Not available,4,Not available,,,,
Mighty Switch Force! Collection,Action/Adventure game,Not available,4,Not available,,,,
Minecraft Dungeons,Action RPG,4,4,Not available,Supports Split-Screen,Supports Drop-In/Drop-Out Co-Op,,
Minecraft Legends,Action Games,4,Not available,Not available,,,,
Minecraft Legends,Action,4,Not available,Not available,,,
Minecraft,Adventure,8,4,8,8 Players in Co-Op,Supports Split-Screen,Supports Drop-In/Drop-Out Co-Op,
Monica e a Guarda dos Coelhos,Action Games,Not available,4,Not available,,,,
Monster Hunter Rise,Action RPG,4,Not available,Not available,Supports LAN or System-Link Play,Supports Drop-In/Drop-Out Co-Op,
Monster Hunter Rise,Action RPG,4,Not available,Not available,Supports LAN or System-Link Play,Supports Drop-In/Drop-Out Co-Op,,
Monster Hunter: World,Action RPG,4,Not available,Not available,Supports Drop-In/Drop-Out Co-Op,,,
Moo Lander,Action Games,Not available,4,Not available,,,,
Moon Hunters,RPG Game,Not available,4,Not available,,,,
MORDHAU,Action Games,6,Not available,Not available,6 Players in Co-Op,,,
MORDHAU,Action,6,Not available,Not available,6 Players in Co-Op,,
Mother Russia Bleeds,Beat-Em-Up,4,4,Not available,,,,
Moving Out 2,Simulation game,4,4,Not available,,,,
Moving Out 2,Simulation,4,4,Not available,,,
Moving Out,Simulation game,Not available,4,Not available,,,,
MudRunner: a Spintires Game - American Wilds,Simulation game,4,Not available,Not available,,,,
MudRunner: a Spintires Game,Simulation game,4,Not available,Not available,,,,
Mutant Football League,Sports game,Not available,4,Not available,,,,
My Time at Sandrock,Sandbox game,4,Not available,Not available,Supports Drop-In/Drop-Out Co-Op,,,
My Time at Sandrock,Sandbox,4,Not available,Not available,Supports Drop-In/Drop-Out Co-Op,,
MythForce,Action Games,4,Not available,Not available,Supports Drop-In/Drop-Out Co-Op,,,
MythForce,Action,4,Not available,Not available,Supports Drop-In/Drop-Out Co-Op,,
N++,Platformer game,Not available,4,Not available,,,,
Naruto to Boruto: Shinobi Striker,Action Games,4,Not available,Not available,,,,
Necropolis,Action/Adventure game,4,Not available,Not available,Supports Drop-In/Drop-Out Co-Op,,,
Neighborhorde,Twin Stick Shooter game,Not available,4,Not available,Supports Drop-In/Drop-Out Co-Op,,,
Neon Chrome Overseer Edition,Twin Stick Shooter,Not available,4,Not available,,,
Neon Chrome,Twin Stick Shooter game,Not available,4,Not available,,,,
NeuroVoider,Twin Stick Shooter game,Not available,4,Not available,,,,
Neverwinter Nights: Enhanced Edition,RPG Game,4,Not available,Not available,Supports Drop-In/Drop-Out Co-Op,,,
Nine Parchments,Action Games,4,4,4,,,,
NINJA KIDZ: TIME MASTERS,Beat-Em-Up,Not available,4,Not available,,,
NINJA KIDZ: TIME MASTERS,Beat-Em-Up,Not available,4,Not available,,,,
Ninja Shodown,Arcade,Not available,4,Not available,,,,
No Heroes Here,Action Games,4,4,Not available,,,,
No Man's Sky,Action/Adventure game,8,Not available,Not available,8 Players in Co-Op,Supports Drop-In/Drop-Out Co-Op,,
No Man's Sky,Action/Adventure,32,Not available,Not available,32 Players in Co-Op,Supports Drop-In/Drop-Out Co-Op,
No Time To Explain Remastered,Action Games,Not available,4,Not available,Supports Drop-In/Drop-Out Co-Op,,,
Nom Nom Galaxy,Simulation game,4,2,4,Supports Drop-In/Drop-Out Co-Op,,,
Octodad: Dadliest Catch,Arcade,Not available,4,Not available,Supports Drop-In/Drop-Out Co-Op,,,
One Piece: Pirate Warriors 4,Action Games,4,Not available,Not available,,,,
Open Country,Survival game,4,Not available,Not available,Supports Drop-In/Drop-Out Co-Op,,,
Organic Panic,Puzzle Platformer game,Not available,4,Not available,,,,
Out of Space: Couch Edition,Action RTS,Not available,4,Not available,,,,
Out of Space: Couch Edition,Action/RTS,Not available,4,Not available,,,
Overcooked! 2,Arcade,4,4,4,,,,
Overcooked! All You Can Eat!,Arcade,4,4,4,,,
Overcooked! All You Can Eat!,Arcade,4,4,4,,,,
Overcooked!,Arcade,Not available,4,Not available,,,,
Overlord: Fellowship of Evil,Action RPG,4,4,Not available,,,,
Override: Mech City Brawl,Action Games,Not available,4,Not available,,,,
Overwatch 2,First Person Shooter,6,Not available,Not available,6 Players in Co-Op,,
Overwatch 2,FPS,6,Not available,Not available,6 Players in Co-Op,,,
Pac-Man 256,Arcade,Not available,4,Not available,,,,
Pac-Man Museum Plus,Collections,Not available,4,Not available,Supports Drop-In/Drop-Out Co-Op,,,
Paradize Project,Survival,4,4,Not available,Supports Split-Screen,Supports Drop-In/Drop-Out Co-Op,
Path of Exile,Action RPG,6,Not available,Not available,6 Players in Co-Op,Supports Drop-In/Drop-Out Co-Op,,
Paw Paw Paw,Beat-Em-Up,Not available,4,Not available,Supports Drop-In/Drop-Out Co-Op,,,
PAYDAY 2,FPS,4,Not available,Not available,,,,
PAYDAY 3,First Person Shooter,4,Not available,Not available,,,
Peasant Knight,Platformer game,Not available,4,Not available,,,,
Phantom Breaker: Battle Grounds Overdrive,Beat-Em-Up,4,4,Not available,Supports Drop-In/Drop-Out Co-Op,,,
Phasmophobia,Survival Horror,4,Not available,Not available,,,
Pic-a-Pix Pieces,Puzzle Game,Not available,4,Not available,Supports Drop-In/Drop-Out Co-Op,,,
Pile Up! Box by Box,Puzzle Platformer game,Not available,4,Not available,Supports Drop-In/Drop-Out Co-Op,,,
PixelJunk Monsters 2,Tower Defense game,4,2,Not available,,,,
PixelJunk Scrappers Deluxe,Beat-Em-Up,4,4,4,,,
PixelJunk Scrappers Deluxe,Beat-Em-Up,4,4,4,,,,
Plants vs Zombies: Battle for Neighborville,Third Person Shooter game,4,2,Not available,Supports Split-Screen,,,
Plants vs Zombies: Garden Warfare 2,Tower Defense game,4,2,4,Supports Split-Screen,,,
Plants vs Zombies: Garden Warfare,Tower Defense game,4,2,Not available,Supports Split-Screen,,,
PlateUp!,Simulation,4,4,4,Supports LAN or System-Link Play,,
Plunder Panic,Action Games,6,4,6,6 Players in Co-Op,,,
Plunder Panic,Action,6,4,6,6 Players in Co-Op,,
Portal Knights,Action/Adventure game,4,2,4,Supports Split-Screen,,,
Potion Party,Arcade,Not available,4,Not available,,,,
PowerWash Simulator,Simulation game,6,Not available,Not available,6 Players in Co-Op,Supports Drop-In/Drop-Out Co-Op,,
PowerWash Simulator,Simulation,6,Not available,Not available,6 Players in Co-Op,Supports Drop-In/Drop-Out Co-Op,
Primal Carnage: Extinction,FPS,5,Not available,Not available,5 Players in Co-Op,,,
Prodeus,First Person Shooter,4,Not available,Not available,Supports Drop-In/Drop-Out Co-Op,,
Prodeus,FPS,4,Not available,Not available,Supports Drop-In/Drop-Out Co-Op,,,
Project Condor,Third Person Shooter,4,Not available,Not available,,,
Projekt Z: Beyond Order,First Person Shooter,4,Not available,Not available,,,
Puyo Puyo Tetris 2,Puzzle Game,4,Not available,Not available,,,,
Puyo Puyo Tetris 2,Puzzle,4,Not available,Not available,,,
Puzzle Quest 3,Puzzle Game,4,Not available,Not available,,,,
Puzzle Quest 3,Puzzle,4,Not available,Not available,,,
Quake (Enhanced),First Person Shooter,4,4,Not available,Supports Split-Screen,Supports Drop-In/Drop-Out Co-Op,
Quake (Enhanced),FPS,4,4,Not available,Supports Split-Screen,Supports Drop-In/Drop-Out Co-Op,,
Quake II (Enhanced),First Person Shooter,8,4,Not available,8 Players in Co-Op,Supports Split-Screen,Supports Drop-In/Drop-Out Co-Op
Quake II (Enhanced),FPS,8,4,Not available,8 Players in Co-Op,Supports Split-Screen,Supports Drop-In/Drop-Out Co-Op,
Quest Hunter,Action RPG,4,4,Not available,Supports Split-Screen,,,
RAID: World War II,FPS,4,Not available,Not available,,,,
Railway Empire 2,Simulation game,4,Not available,Not available,Supports Drop-In/Drop-Out Co-Op,,,
Railway Empire 2,Simulation,4,Not available,Not available,Supports Drop-In/Drop-Out Co-Op,,
Rain World,Platformer game,Not available,4,Not available,Supports Drop-In/Drop-Out Co-Op,,,
Rain World,Platformer,Not available,4,Not available,Supports Drop-In/Drop-Out Co-Op,,
Rain World: Downpour,Platformer game,Not available,4,Not available,Supports Drop-In/Drop-Out Co-Op,,,
Rain World: Downpour,Platformer,Not available,4,Not available,Supports Drop-In/Drop-Out Co-Op,,
Ravenswatch,Action RPG,4,Not available,Not available,Supports Drop-In/Drop-Out Co-Op,,
Rayman Legends,Platformer game,Not available,4,Not available,Supports Drop-In/Drop-Out Co-Op,,,
Re:Legend,Simulation game,4,Not available,Not available,Supports LAN or System-Link Play,,,
Rec Room,Simulation game,4,Not available,Not available,,,,
Red Dead Online,Action Games,4,Not available,Not available,,,,
Red Dead Redemption 2,Action Games,4,Not available,Not available,,,,
RetroMania Wrestling,Beat-Em-Up,Not available,4,Not available,,,,
RiftStar Raiders,Shmup game,4,Not available,Not available,,,,
Risk of Rain 2,Action Games,4,Not available,Not available,,,,
Risk of Rain,Action/Adventure game,4,2,Not available,,,,
River City Girls 2,Beat-Em-Up,2,4,Not available,Supports Drop-In/Drop-Out Co-Op,,,
River City Girls 2,Beat-Em-Up,4,4,Not available,Supports Drop-In/Drop-Out Co-Op,,
River City Saga: Three Kingdoms,Beat-Em-Up,4,4,Not available,,,,
Riverbond,Action/Adventure game,Not available,4,Not available,Supports Drop-In/Drop-Out Co-Op,,,
Road Redemption,Action Games,Not available,4,Not available,,,,
Roarr! Jurassic Edition,Action Games,Not available,4,Not available,Supports Drop-In/Drop-Out Co-Op,,,
Robo Revenge Squad,Twin Stick Shooter game,4,4,4,,,,
Rock Band 4,Music/Rhythm game,4,4,4,Supports Drop-In/Drop-Out Co-Op,,,
Rocket League,Sports game,4,4,Not available,Supports Split-Screen,,,
Rocketbirds 2: Evolution,Action Games,4,Not available,Not available,Supports LAN or System-Link Play,,,
Rogue Stormers,Action Games,4,4,Not available,Supports Drop-In/Drop-Out Co-Op,,,
Rogue Trooper Redux,Third Person Shooter game,4,Not available,Not available,,,,
Roots of Pacha,Simulation game,4,Not available,Not available,Supports Drop-In/Drop-Out Co-Op,,,
Runbow,Platformer game,9,4,9,9 Players in Co-Op,,,
RWBY: Grimm Eclipse,Action Games,4,Not available,Not available,,,,
Sackboy: A Big Adventure,Platformer game,4,4,Not available,Supports Drop-In/Drop-Out Co-Op,,,
Sackboy: A Big Adventure,Platformer,4,4,4,Supports Drop-In/Drop-Out Co-Op,,
SCATHE,First Person Shooter,4,Not available,Not available,,,
SCATHE,FPS,4,Not available,Not available,,,,
Score Rush Extended,Shmup game,Not available,4,Not available,,,,
Scott Pilgrim Vs. The World: The Game Complete Edition,Beat-Em-Up,4,4,Not available,,,,
SENRAN KAGURA Peach Beach Splash,Third Person Shooter game,5,Not available,Not available,5 Players in Co-Op,,,
Serious Sam 4,First Person Shooter,4,Not available,Not available,Supports Drop-In/Drop-Out Co-Op,,
Serious Sam Collection,FPS,16,4,Not available,16 Players in Co-Op,Supports Split-Screen,Supports Drop-In/Drop-Out Co-Op,
Serious Sam: Siberian Mayhem,First Person Shooter,4,Not available,Not available,Supports Drop-In/Drop-Out Co-Op,,
SG/ZH: School Girl/Zombie Hunter,Third Person Shooter game,5,Not available,Not available,5 Players in Co-Op,Supports Drop-In/Drop-Out Co-Op,,
Shadow Warrior 2,FPS,4,Not available,Not available,,,,
Shakes on a Plane,Arcade,Not available,4,Not available,,,,
Shing!,Beat-Em-Up,4,4,4,Supports Drop-In/Drop-Out Co-Op,,
Shing!,Beat-Em-Up,4,4,Not available,Supports Drop-In/Drop-Out Co-Op,,,
Shotgun Farmers,FPS,4,Not available,Not available,,,,
Shutshimi,Shmup game,Not available,4,Not available,Supports Split-Screen,,,
Skeletal Avenger,Action RPG,Not available,4,Not available,,,
Skeletal Avenger,Action RPG,Not available,4,Not available,,,,
Sker Ritual,First Person Shooter,4,Not available,Not available,,,
Sker Ritual,FPS,4,Not available,Not available,,,,
Sky: Children of the Light,Adventure,8,Not available,Not available,8 Players in Co-Op,Supports Drop-In/Drop-Out Co-Op,,
Smalland: Survive the Wilds,Survival game,10,Not available,Not available,10 Players in Co-Op,Supports Drop-In/Drop-Out Co-Op,,
SMITE,MOBA,5,Not available,Not available,5 Players in Co-Op,Supports Drop-In/Drop-Out Co-Op,,
Smoothcade,Platformer game,Not available,4,Not available,,,,
Sniper Elite 4,FPS,4,Not available,Not available,,,,
Sniper Elite 5,First Person Shooter,4,Not available,Not available,Supports Drop-In/Drop-Out Co-Op,,
Sniper Elite 5,FPS,4,Not available,Not available,Supports Drop-In/Drop-Out Co-Op,,,
SnowRunner,Simulation game,4,Not available,Not available,Supports Drop-In/Drop-Out Co-Op,,,
SnowRunner,Simulation,4,Not available,Not available,Supports Drop-In/Drop-Out Co-Op,,
Sonic Superstars,Platformer game,Not available,4,Not available,Supports Drop-In/Drop-Out Co-Op,,,
Sonic Superstars,Platformer,Not available,4,Not available,Supports Drop-In/Drop-Out Co-Op,,
Soundfall,Action/Adventure game,4,4,Not available,,,,
Soundfall,Action/Adventure,4,4,Not available,,,
SOUTH PARK: SNOW DAY!,Action,4,Not available,Not available,,,
Space Engineers,Sandbox game,7,Not available,Not available,7 Players in Co-Op,Supports Drop-In/Drop-Out Co-Op,,
Space Engineers,Sandbox,7,Not available,Not available,7 Players in Co-Op,Supports Drop-In/Drop-Out Co-Op,
Space Hulk: Deathwing,FPS,4,Not available,Not available,,,,
Space Invaders Forever,Arcade,4,4,Not available,Supports Drop-In/Drop-Out Co-Op,,,
Space Overlords,Action Games,Not available,4,Not available,,,,
Spacebase Startopia,Simulation game,4,Not available,Not available,,,,
Spacebase Startopia,Simulation,4,Not available,Not available,,,
Speed Crew,Action Games,4,4,Not available,,,,
Spelunker HD Deluxe,Puzzle Platformer game,6,6,Not available,6 Players in Co-Op,Supports Split-Screen,,
Spelunker World,Puzzle Platformer game,6,Not available,Not available,6 Players in Co-Op,,,
Spelunky 2,Platformer game,4,4,Not available,,,,
Spelunky,Platformer game,Not available,4,Not available,,,,
SpiderHeck,Action Games,4,4,Not available,,,,
SpiderHeck,Action,4,4,Not available,,,
Spitlings,Arcade,4,4,Not available,,,,
Square Heroes,Action Games,4,4,4,,,,
STAB STAB STAB!,Action Games,Not available,8,Not available,8 Players in Co-Op,,,
Star Trek: Bridge Crew,Simulation game,4,Not available,Not available,,,,
Star Wars Battlefront II,FPS,4,2,Not available,Supports Split-Screen,,,
Star Wars: Squadrons,Flight,5,Not available,Not available,5 Players in Co-Op,Supports Drop-In/Drop-Out Co-Op,,
Stardew Valley,Simulation game,4,4,Not available,Supports Split-Screen,Supports LAN or System-Link Play,Supports Drop-In/Drop-Out Co-Op,
Stardust Galaxy Warriors: Stellar Climax,Shmup game,Not available,4,Not available,,,,
Starlit Adventures,Platformer game,Not available,4,Not available,,,,
Starwhal,Action Games,Not available,4,Not available,,,,
Stellaris,Strategy,4,Not available,Not available,Supports Drop-In/Drop-Out Co-Op,,,
Strange Brigade,Action Games,4,Not available,Not available,,,,
Streets of Rage 4,Beat-Em-Up,2,4,Not available,,,,
Streets of Red: Devil's Dare Deluxe,Beat-Em-Up,Not available,4,Not available,,,,
Streets of Rogue,Action RPG,4,4,Not available,,,,
Strike Vector EX,FPS,6,Not available,Not available,6 Players in Co-Op,,,
Suicide Squad: Kill the Justice League,Third Person Shooter,4,Not available,Not available,Supports Drop-In/Drop-Out Co-Op,,
Sundered: Eldritch Edition,Action Games,Not available,4,Not available,,,,
Sunset Riders,Arcade,Not available,4,Not available,Supports Drop-In/Drop-Out Co-Op,,,
Super Arcade Football,Sports game,Not available,4,Not available,,,,
Super Blood Hockey,Sports game,Not available,4,Not available,,,,
Super Bomberman R,Action Games,Not available,4,Not available,,,,
Super Crazy Rhythm Castle,Music/Rhythm game,4,4,Not available,,,,
Super Crazy Rhythm Castle,Music/Rhythm,4,4,Not available,,,
Super Dungeon Bros,Action/Adventure game,4,4,4,,,,
Super Motherload,Adventure,Not available,4,Not available,Supports Drop-In/Drop-Out Co-Op,,,
Super Soccer Blast,Sports game,Not available,4,Not available,,,,
Super Soccer Blast: America vs Europe,Sports game,Not available,4,Not available,,,,
Super Star Blast,Shmup game,Not available,4,Not available,Supports Split-Screen,,,
Sven - Completely Screwed,Arcade,Not available,4,Not available,Supports Split-Screen,,
Sven - Completely Screwed,Arcade,Not available,4,Not available,Supports Split-Screen,,,
Swimsanity!,Action Games,4,4,Not available,,,,
Sword Art Online Alicization Lycoris,RPG Game,4,Not available,Not available,Supports Drop-In/Drop-Out Co-Op,,,
SWORD ART ONLINE Last Recollection,RPG Game,4,Not available,Not available,Supports Drop-In/Drop-Out Co-Op,,,
SWORD ART ONLINE Last Recollection,RPG,4,Not available,Not available,Supports Drop-In/Drop-Out Co-Op,,
Sword Art Online Re: Hollow Fragment,Action RPG,4,Not available,Not available,Supports Drop-In/Drop-Out Co-Op,,,
Sword Art Online: Fatal Bullet,Action Games,4,Not available,Not available,,,,
Sword Art Online: Hollow Realization,Action RPG,4,Not available,Not available,Supports Drop-In/Drop-Out Co-Op,,,
Sword Art Online: Lost Song,Action RPG,4,Not available,Not available,Supports LAN or System-Link Play,Supports Drop-In/Drop-Out Co-Op,,
SWORDS of GARGANTUA,Action Games,4,Not available,Not available,,,,
Tachyon Project,Twin Stick Shooter game,Not available,4,Not available,,,,
Tales of Berseria,RPG Game,Not available,4,Not available,Supports Drop-In/Drop-Out Co-Op,,,
Tales of Symphonia Remastered,RPG Game,Not available,4,Not available,Supports Drop-In/Drop-Out Co-Op,,,
Tales of Vesperia: Definitive Edition,RPG Game,Not available,4,Not available,Supports Drop-In/Drop-Out Co-Op,,,
Tales of Zestiria,RPG Game,Not available,4,Not available,Supports Drop-In/Drop-Out Co-Op,,,
Tank Force,Action Games,Not available,4,Not available,,,,
Team Sonic Racing,Racing game,4,4,Not available,Supports Split-Screen,,,
Teenage Mutant Ninja Turtles: Mutants in Manhattan,Action Games,4,Not available,Not available,,,,
Teenage Mutant Ninja Turtles: Shredder's Revenge,Beat-Em-Up,6,4,6,6 Players in Co-Op,Supports Drop-In/Drop-Out Co-Op,
Teenage Mutant Ninja Turtles: Shredder's Revenge,Beat-Em-Up,6,4,6,6 Players in Co-Op,Supports Drop-In/Drop-Out Co-Op,,
Teenage Mutant Ninja Turtles: The Cowabunga Collection,Collections,4,4,Not available,Supports Drop-In/Drop-Out Co-Op,,,
Teenage Mutant Ninja Turtles: The Cowabunga Collection,Compilations,4,4,Not available,Supports Drop-In/Drop-Out Co-Op,,
Terraria,Action/Adventure game,8,Not available,Not available,Supports Split-Screen,Supports LAN or System-Link Play,Supports Drop-In/Drop-Out Co-Op,
TerraTech,Sandbox game,4,Not available,Not available,Supports Drop-In/Drop-Out Co-Op,,,
Terror of Hemasaurus,Action Games,Not available,4,Not available,,,,
Tesla Force,Twin Stick Shooter game,Not available,4,Not available,Supports Drop-In/Drop-Out Co-Op,,,
Tesla Force,Twin Stick Shooter,Not available,4,Not available,Supports Drop-In/Drop-Out Co-Op,,
Tesla vs Lovecraft Game of the Year Edition,Twin Stick Shooter,Not available,4,Not available,,,
Tesla vs Lovecraft,Twin Stick Shooter game,Not available,4,Not available,,,,
The Addams Family: Mansion Mayhem,Action/Adventure game,Not available,4,Not available,,,,
The Angry 4,Action Games,Not available,4,Not available,Supports Split-Screen,,,
The Angry 4,Action,Not available,4,Not available,Supports Split-Screen,,
The Angry Birds Movie 2 VR: Under Pressure,Action Games,Not available,4,Not available,,,,
The Ascent,Action RPG,4,4,Not available,Supports Drop-In/Drop-Out Co-Op,,
The Ascent,Action RPG,4,4,Not available,Supports Drop-In/Drop-Out Co-Op,,,
The Binding of Isaac: Afterbirth+,Action RPG,Not available,4,Not available,Supports Drop-In/Drop-Out Co-Op,,,
The Binding of Isaac: Repentance,Action RPG,Not available,4,Not available,Supports Drop-In/Drop-Out Co-Op,,
The Blackout Club,Action Games,4,Not available,Not available,Supports Drop-In/Drop-Out Co-Op,,,
The Crackpet Show: Happy Tree Friends Edition,Twin Stick Shooter game,Not available,4,Not available,,,,
The Crackpet Show: Happy Tree Friends Edition,Twin Stick Shooter,Not available,4,Not available,,,
The Crew 2,Racing game,4,Not available,Not available,Supports Drop-In/Drop-Out Co-Op,,,
The Crew,Racing game,4,Not available,Not available,Supports Drop-In/Drop-Out Co-Op,,,
The Crew: Motorfest,Racing game,4,Not available,Not available,Supports Drop-In/Drop-Out Co-Op,,,
The Crew: Motorfest,Racing,4,Not available,Not available,Supports Drop-In/Drop-Out Co-Op,,
The Dark Pictures Anthology - Triple Pack,Adventure,2,5,Not available,5 Players in Co-Op,,
The Dark Pictures Anthology - Triple Pack,Adventure,2,5,Not available,5 Players in Co-Op,,,
The Dark Pictures Anthology: House of Ashes,Adventure,2,5,Not available,5 Players in Co-Op,,
The Dark Pictures Anthology: House of Ashes,Adventure,2,5,Not available,5 Players in Co-Op,,,
The Dark Pictures Anthology: Little Hope,Adventure,2,5,Not available,5 Players in Co-Op,,,
The Dark Pictures Anthology: Man of Medan,Adventure,2,5,Not available,5 Players in Co-Op,,,
The Dark Pictures Anthology: The Devil in Me,Adventure,2,5,Not available,5 Players in Co-Op,,
The Dark Pictures Anthology: The Devil in Me,Adventure,2,5,Not available,5 Players in Co-Op,,,
The Elder Scrolls Online,MMO,4,Not available,Not available,Supports Drop-In/Drop-Out Co-Op,,
The Elder Scrolls Online,MMO,4,Not available,Not available,Supports Drop-In/Drop-Out Co-Op,,,
The Escapists 2,Simulation game,4,4,4,Supports Split-Screen,Supports Drop-In/Drop-Out Co-Op,,
The First Descendant,Action RPG,4,Not available,Not available,Supports Drop-In/Drop-Out Co-Op,,
The Forest,Survival game,4,Not available,Not available,Supports Drop-In/Drop-Out Co-Op,,,
The Incredible Adventures of Van Helsing II,Action RPG,4,Not available,Not available,,,,
The Incredible Adventures of Van Helsing III,Action RPG,4,Not available,Not available,Supports Drop-In/Drop-Out Co-Op,,,
The Incredible Adventures of Van Helsing,Action RPG,4,Not available,Not available,,,,
The Last Kids on Earth and the Staff of Doom,Action RPG,Not available,4,Not available,,,,
The Lord of the Rings: Return to Moria,Survival,8,Not available,Not available,8 Players in Co-Op,Supports Drop-In/Drop-Out Co-Op,
The Playroom VR,Minigames,Not available,5,Not available,5 Players in Co-Op,,,
The Quarry,Adventure,8,8,Not available,8 Players in Co-Op,,
The Quarry,Adventure,8,8,Not available,8 Players in Co-Op,,,
The Settlers: New Allies,RTS game,4,Not available,Not available,,,,
The Settlers: New Allies,RTS,4,Not available,Not available,,,
The Survivalists,Action/Adventure game,4,Not available,Not available,Supports Drop-In/Drop-Out Co-Op,,,
The Tomorrow Children: Phoenix Edition,Simulation game,10,Not available,Not available,10 Players in Co-Op,Supports Drop-In/Drop-Out Co-Op,,
The Wonderful 101: Remastered,Action Games,Not available,5,Not available,5 Players in Co-Op,Supports Drop-In/Drop-Out Co-Op,,
theHunter: Call Of The Wild,Simulation game,8,Not available,Not available,8 Players in Co-Op,,,
Them Bombs!,Simulation game,Not available,4,Not available,,,,
Tinker Racers,Racing game,Not available,4,Not available,,,,
Tiny Brains,Puzzle Platformer game,Not available,4,Not available,Supports Drop-In/Drop-Out Co-Op,,,
Tiny Tina’s Wonderlands,First Person Shooter,4,4,4,Supports Split-Screen,Supports Drop-In/Drop-Out Co-Op,
Tiny Tina’s Wonderlands,FPS,4,2,4,Supports Split-Screen,Supports Drop-In/Drop-Out Co-Op,,
Tiny Tina's Assault on Dragon Keep: A Wonderlands One-shot Adventure,FPS,4,2,4,Supports Split-Screen,Supports Drop-In/Drop-Out Co-Op,,
Tiny Troopers: Global Ops,Twin Stick Shooter game,4,4,Not available,,,,
Tiny Troopers: Global Ops,Twin Stick Shooter,4,4,Not available,,,
Titan Quest II,Action RPG,4,Not available,Not available,Supports Drop-In/Drop-Out Co-Op,,
Titan Quest: Anniversary Edition,Action RPG,6,2,Not available,6 Players in Co-Op,Supports Split-Screen,Supports Drop-In/Drop-Out Co-Op,
Titanfall 2,FPS,4,Not available,Not available,,,,
ToeJam and Earl: Back In The Groove,Action/Adventure game,4,2,4,Supports Split-Screen,Supports Drop-In/Drop-Out Co-Op,,
TOKYO GHOUL:re Call to Exist,Action Games,4,Not available,Not available,,,,
Tom Clancy's Ghost Recon Breakpoint,FPS,4,Not available,Not available,Supports Drop-In/Drop-Out Co-Op,,,
Tom Clancy's Ghost Recon Wildlands,Third Person Shooter game,4,Not available,Not available,Supports Drop-In/Drop-Out Co-Op,,,
Tom Clancy's Rainbow Six: Siege,Tactical FPS game,5,Not available,Not available,5 Players in Co-Op,,,
Tom Clancy's Rainbow Six: Siege,Tactical FPS,5,Not available,Not available,5 Players in Co-Op,,
Tom Clancy's The Division 2,Third Person Shooter game,8,Not available,Not available,8 Players in Co-Op,Supports Drop-In/Drop-Out Co-Op,,
Tom Clancy's The Division,RPG Game,4,Not available,Not available,Supports Drop-In/Drop-Out Co-Op,,,
Tools Up!,Action Games,Not available,4,Not available,,,,
Torchlight II,Action RPG,4,Not available,Not available,Supports Drop-In/Drop-Out Co-Op,,,
Torchlight III,Action RPG,4,Not available,Not available,,,,
Totally Reliable Delivery Service,Action Games,4,4,Not available,Supports Split-Screen,Supports Drop-In/Drop-Out Co-Op,,
Toukiden 2,Action RPG,4,Not available,Not available,,,,
Toukiden 2: Free Alliances,Action RPG,4,Not available,Not available,,,,
Toukiden: Kiwami,Action Games,4,Not available,Not available,,,,
TowerFall Ascension,Action Games,Not available,4,Not available,,,,
Towers of Aghasba,Sandbox,4,Not available,Not available,Supports Drop-In/Drop-Out Co-Op,,
Toxic Crusaders,Beat-Em-Up,Not available,4,Not available,,,
Toxic Crusaders,Beat-Em-Up,Not available,4,Not available,,,,
Trailmakers,Sandbox game,8,Not available,Not available,8 Players in Co-Op,Supports Drop-In/Drop-Out Co-Op,,
Trailmakers,Sandbox,8,Not available,Not available,8 Players in Co-Op,Supports Drop-In/Drop-Out Co-Op,
Transformers: Reactivate,Action,4,Not available,Not available,,,
Trash Sailors,Survival game,4,4,Not available,,,,
Tribes of Midgard,Action/Adventure game,10,Not available,Not available,10 Players in Co-Op,Supports Drop-In/Drop-Out Co-Op,,
Tribes of Midgard,Action/Adventure,10,Not available,Not available,10 Players in Co-Op,Supports Drop-In/Drop-Out Co-Op,
Trine 4: The Nightmare Prince,Puzzle Platformer game,4,4,4,,,,
Trine 5: A Clockwork Conspiracy,Puzzle Platformer game,4,4,4,Supports Drop-In/Drop-Out Co-Op,,,
Trine 5: A Clockwork Conspiracy,Puzzle Platformer,4,4,4,Supports Drop-In/Drop-Out Co-Op,,
Tropico 5,Simulation game,4,Not available,Not available,,,,
Tropico 6 - Next Gen Edition,Simulation,4,Not available,Not available,,,
Tropico 6,Simulation game,4,Not available,Not available,,,,
Tunche,Beat-Em-Up,Not available,4,Not available,Supports Drop-In/Drop-Out Co-Op,,,
Unit 4,Platformer game,Not available,4,Not available,,,,
Unrailed!,Action Games,4,4,4,,,,
Unruly Heroes,Action/Adventure game,Not available,4,Not available,,,,
Urban Flow,Puzzle Game,Not available,4,Not available,Supports Drop-In/Drop-Out Co-Op,,,
Urban Flow,Puzzle,Not available,4,Not available,Supports Drop-In/Drop-Out Co-Op,,
Vagante,Platformer game,4,4,Not available,Supports Drop-In/Drop-Out Co-Op,,,
VASARA Collection,Arcade,Not available,4,Not available,Supports Drop-In/Drop-Out Co-Op,,,
Vendetta,Beat-Em-Up,Not available,4,Not available,Supports Drop-In/Drop-Out Co-Op,,,
Verdun,FPS,4,Not available,Not available,,,,
Very Very Valet,Action,Not available,4,Not available,,,
Victor Vran,Action RPG,4,2,Not available,,,,
War Thunder,Action Games,4,Not available,Not available,,,,
Wardens Rising,Twin Stick Shooter,4,Not available,Not available,,,
Warface,FPS,5,Not available,Not available,5 Players in Co-Op,,,
Warframe,Third Person Shooter game,4,Not available,Not available,,,,
Warframe,Third Person Shooter,4,Not available,Not available,,,
Warhammer 40000: Inquisitor - Martyr Ultimate Edition,Action RPG,4,2,Not available,,,
Warhammer 40000: Inquisitor - Martyr,Action RPG,4,2,Not available,,,,
Warhammer 40000: Shootas Blood & Teef,Side Scroller game,4,4,Not available,,,,
Warhammer 40000: Shootas,Side Scroller,4,4,Not available,,,
Warhammer: Chaosbane Slayer Edition,Action RPG,4,4,4,Supports Drop-In/Drop-Out Co-Op,,
Warhammer: Chaosbane,Action RPG,4,4,4,Supports Drop-In/Drop-Out Co-Op,,,
Warhammer: End Times - Vermintide,FPS,4,Not available,Not available,,,,
Warhammer: Vermintide 2,FPS,4,Not available,Not available,Supports Drop-In/Drop-Out Co-Op,,,
Watch Dogs: Legion,Action/Adventure game,4,Not available,Not available,Supports Drop-In/Drop-Out Co-Op,,,
Watch Dogs: Legion,Action/Adventure,4,Not available,Not available,Supports Drop-In/Drop-Out Co-Op,,
Watch_Dogs 2,Action/Adventure game,4,Not available,Not available,Supports Drop-In/Drop-Out Co-Op,,,
Way of the Hunter,Simulation,4,Not available,Not available,Supports Drop-In/Drop-Out Co-Op,,
Whiskey & Zombies: The Great Southern Zombie Escape,Twin Stick Shooter game,Not available,4,Not available,,,,
Whiskey & Zombies: The Great Southern Zombie Escape,Twin Stick Shooter,Not available,4,Not available,,,
Wild Guns: Reloaded,Arcade,Not available,4,Not available,,,,
Wildmender,Sandbox,4,Not available,Not available,Supports Drop-In/Drop-Out Co-Op,,
WinKings,Action Games,Not available,4,Not available,,,,
Wolcen: Lords of Mayhem,Action RPG,4,Not available,Not available,,,,
Wondershot,Action Games,Not available,4,Not available,,,,
Woodle Tree 2: Deluxe,Action/Adventure game,Not available,4,Not available,,,,
World of Warriors,Action Games,Not available,4,Not available,,,,
World Soccer Strikers '91,Sports game,Not available,4,Not available,,,,
World War Z,Third Person Shooter game,4,Not available,Not available,,,,
World War Z: Aftermath,Third Person Shooter game,4,Not available,Not available,,,,
World War Z: Aftermath,Third Person Shooter,4,Not available,Not available,,,
Xenoraid,Shmup game,Not available,4,Not available,,,,
Yet Another Zombie Defense HD,Action Games,4,4,Not available,,,,
Zengeon,Action RPG,4,Not available,Not available,Supports Drop-In/Drop-Out Co-Op,,,
Zero Team,Beat-Em-Up,Not available,4,Not available,,,,
Zombie Army 4: Dead War,Third Person Shooter game,4,Not available,Not available,Supports Drop-In/Drop-Out Co-Op,,,
Zombie Army 4: Dead War,Third Person Shooter,4,Not available,Not available,Supports Drop-In/Drop-Out Co-Op,,
Zombie Army Trilogy,Tactical FPS game,4,Not available,Not available,,,,
Zombie Vikings,Beat-Em-Up,4,4,4,,,,
Zombieland: Double Tap - Road Trip,Twin Stick Shooter game,Not available,4,Not available,,,,